<?xml version="1.0" encoding="UTF-8"?><?xml-stylesheet type='text/xsl' href='_UpgradeReport_Files/UpgradeReport.xslt'?><UpgradeLog>
<Properties><Property Name="Solution" Value="Huffman">
</Property><Property Name="Solution File" Value="C:\Users\Tomas\Documents\School\jaar 4\Periode 4 en 5 Afstuderen\Datastructuren en algoritmiek\Week4\HuffmanStudenten\Huffman.sln">
</Property><Property Name="User Options File" Value="C:\Users\Tomas\Documents\School\jaar 4\Periode 4 en 5 Afstuderen\Datastructuren en algoritmiek\Week4\HuffmanStudenten\Huffman.suo">
</Property><Property Name="Date" Value="dinsdag 22 juni 2010">
</Property><Property Name="Time" Value="10:18">
</Property></Properties><Event ErrorLevel="0" Project="" Source="Huffman.sln" Description="File successfully backed up as C:\Users\Tomas\Documents\School\jaar 4\Periode 4 en 5 Afstuderen\Datastructuren en algoritmiek\Week4\HuffmanStudenten\Backup\Huffman.sln">
</Event><Event ErrorLevel="0" Project="" Source="Huffman.suo" Description="File successfully backed up as C:\Users\Tomas\Documents\School\jaar 4\Periode 4 en 5 Afstuderen\Datastructuren en algoritmiek\Week4\HuffmanStudenten\Backup\Huffman.suo">
</Event><Event ErrorLevel="0" Project="Huffman" Source="Huffman.csproj" Description="Project file successfully backed up as C:\Users\Tomas\Documents\School\jaar 4\Periode 4 en 5 Afstuderen\Datastructuren en algoritmiek\Week4\HuffmanStudenten\Backup\Huffman.csproj">
</Event><Event ErrorLevel="0" Project="Huffman" Source="Huffman.csproj.user" Description="Project user file successfully backed up as C:\Users\Tomas\Documents\School\jaar 4\Periode 4 en 5 Afstuderen\Datastructuren en algoritmiek\Week4\HuffmanStudenten\Backup\Huffman.csproj.user">
</Event><Event ErrorLevel="0" Project="Huffman" Source="AssemblyInfo.cs" Description="File successfully backed up as C:\Users\Tomas\Documents\School\jaar 4\Periode 4 en 5 Afstuderen\Datastructuren en algoritmiek\Week4\HuffmanStudenten\Backup\AssemblyInfo.cs">
</Event><Event ErrorLevel="0" Project="Huffman" Source="CharCount.cs" Description="File successfully backed up as C:\Users\Tomas\Documents\School\jaar 4\Periode 4 en 5 Afstuderen\Datastructuren en algoritmiek\Week4\HuffmanStudenten\Backup\CharCount.cs">
</Event><Event ErrorLevel="0" Project="Huffman" Source="Huffman.cs" Description="File successfully backed up as C:\Users\Tomas\Documents\School\jaar 4\Periode 4 en 5 Afstuderen\Datastructuren en algoritmiek\Week4\HuffmanStudenten\Backup\Huffman.cs">
</Event><Event ErrorLevel="0" Project="Huffman" Source="HuffmanForm.cs" Description="File successfully backed up as C:\Users\Tomas\Documents\School\jaar 4\Periode 4 en 5 Afstuderen\Datastructuren en algoritmiek\Week4\HuffmanStudenten\Backup\HuffmanForm.cs">
</Event><Event ErrorLevel="0" Project="Huffman" Source="Knoop.cs" Description="File successfully backed up as C:\Users\Tomas\Documents\School\jaar 4\Periode 4 en 5 Afstuderen\Datastructuren en algoritmiek\Week4\HuffmanStudenten\Backup\Knoop.cs">
</Event><Event ErrorLevel="0" Project="Huffman" Source="KnoopIterator.cs" Description="File successfully backed up as C:\Users\Tomas\Documents\School\jaar 4\Periode 4 en 5 Afstuderen\Datastructuren en algoritmiek\Week4\HuffmanStudenten\Backup\KnoopIterator.cs">
</Event><Event ErrorLevel="0" Project="Huffman" Source="App.ico" Description="File successfully backed up as C:\Users\Tomas\Documents\School\jaar 4\Periode 4 en 5 Afstuderen\Datastructuren en algoritmiek\Week4\HuffmanStudenten\Backup\App.ico">
</Event><Event ErrorLevel="0" Project="Huffman" Source="HuffmanForm.resx" Description="File successfully backed up as C:\Users\Tomas\Documents\School\jaar 4\Periode 4 en 5 Afstuderen\Datastructuren en algoritmiek\Week4\HuffmanStudenten\Backup\HuffmanForm.resx">
</Event><Event ErrorLevel="1" Project="Huffman" Source="Huffman.csproj" Description="Your project is targeting .NET Framework 2.0 or 3.0. If your project uses assemblies requiring a newer .NET Framework, your project will fail to build. You can change the .NET Framework version by clicking Properties on the project menu and then selecting a new version in the '.NET Framework' dropdown box. (In Visual Basic, this is located on the Compile tab by clicking the 'Advanced Compiler Options...' button.)">
</Event><Event ErrorLevel="0" Project="Huffman" Source="Huffman.csproj" Description="Project converted successfully">
</Event><Event ErrorLevel="3" Project="Huffman" Source="Huffman.csproj" Description="Converted">
</Event><Event ErrorLevel="0" Project="" Source="Huffman.sln" Description="Solution converted successfully">
</Event><Event ErrorLevel="3" Project="" Source="Huffman.sln" Description="Converted">
</Event><Event ErrorLevel="0" Project="Huffman" Source="Huffman.csproj" Description="Scan complete: Upgrade not required for project files.">
</Event></UpgradeLog>