<?xml version="1.0" encoding="UTF-8"?><?xml-stylesheet type='text/xsl' href='_UpgradeReport_Files/UpgradeReport.xslt'?><UpgradeLog>
<Properties><Property Name="Solution" Value="Mazes">
</Property><Property Name="Solution File" Value="C:\Users\Tomas\Documents\School\jaar 4\Periode 4 en 5 Afstuderen\Datastructuren en algoritmiek\Week2\MazesKaal\Mazes.sln">
</Property><Property Name="User Options File" Value="C:\Users\Tomas\Documents\School\jaar 4\Periode 4 en 5 Afstuderen\Datastructuren en algoritmiek\Week2\MazesKaal\Mazes.suo">
</Property><Property Name="Date" Value="donderdag 19 mei 2011">
</Property><Property Name="Time" Value="0:59">
</Property></Properties><Event ErrorLevel="0" Project="" Source="Mazes.sln" Description="File successfully backed up as C:\Users\Tomas\Documents\School\jaar 4\Periode 4 en 5 Afstuderen\Datastructuren en algoritmiek\Week2\MazesKaal\Backup\Mazes.sln">
</Event><Event ErrorLevel="0" Project="" Source="Mazes.suo" Description="File successfully backed up as C:\Users\Tomas\Documents\School\jaar 4\Periode 4 en 5 Afstuderen\Datastructuren en algoritmiek\Week2\MazesKaal\Backup\Mazes.suo">
</Event><Event ErrorLevel="0" Project="Mazes" Source="Mazes.csproj" Description="Project file successfully backed up as C:\Users\Tomas\Documents\School\jaar 4\Periode 4 en 5 Afstuderen\Datastructuren en algoritmiek\Week2\MazesKaal\Backup\Mazes.csproj">
</Event><Event ErrorLevel="0" Project="Mazes" Source="Mazes.csproj.user" Description="Project user file successfully backed up as C:\Users\Tomas\Documents\School\jaar 4\Periode 4 en 5 Afstuderen\Datastructuren en algoritmiek\Week2\MazesKaal\Backup\Mazes.csproj.user">
</Event><Event ErrorLevel="0" Project="Mazes" Source="AssemblyInfo.cs" Description="File successfully backed up as C:\Users\Tomas\Documents\School\jaar 4\Periode 4 en 5 Afstuderen\Datastructuren en algoritmiek\Week2\MazesKaal\Backup\AssemblyInfo.cs">
</Event><Event ErrorLevel="0" Project="Mazes" Source="Maze.cs" Description="File successfully backed up as C:\Users\Tomas\Documents\School\jaar 4\Periode 4 en 5 Afstuderen\Datastructuren en algoritmiek\Week2\MazesKaal\Backup\Maze.cs">
</Event><Event ErrorLevel="0" Project="Mazes" Source="MazeFilter.cs" Description="File successfully backed up as C:\Users\Tomas\Documents\School\jaar 4\Periode 4 en 5 Afstuderen\Datastructuren en algoritmiek\Week2\MazesKaal\Backup\MazeFilter.cs">
</Event><Event ErrorLevel="0" Project="Mazes" Source="MazeForm.cs" Description="File successfully backed up as C:\Users\Tomas\Documents\School\jaar 4\Periode 4 en 5 Afstuderen\Datastructuren en algoritmiek\Week2\MazesKaal\Backup\MazeForm.cs">
</Event><Event ErrorLevel="0" Project="Mazes" Source="MyBitConverter.cs" Description="File successfully backed up as C:\Users\Tomas\Documents\School\jaar 4\Periode 4 en 5 Afstuderen\Datastructuren en algoritmiek\Week2\MazesKaal\Backup\MyBitConverter.cs">
</Event><Event ErrorLevel="0" Project="Mazes" Source="App.ico" Description="File successfully backed up as C:\Users\Tomas\Documents\School\jaar 4\Periode 4 en 5 Afstuderen\Datastructuren en algoritmiek\Week2\MazesKaal\Backup\App.ico">
</Event><Event ErrorLevel="0" Project="Mazes" Source="MazeForm.resx" Description="File successfully backed up as C:\Users\Tomas\Documents\School\jaar 4\Periode 4 en 5 Afstuderen\Datastructuren en algoritmiek\Week2\MazesKaal\Backup\MazeForm.resx">
</Event><Event ErrorLevel="0" Project="Mazes" Source="Mazes.csproj" Description="The project file does not require conversion.">
</Event><Event ErrorLevel="3" Project="Mazes" Source="Mazes.csproj" Description="No Conversion Required">
</Event><Event ErrorLevel="0" Project="" Source="Mazes.sln" Description="Solution converted successfully">
</Event><Event ErrorLevel="3" Project="" Source="Mazes.sln" Description="Converted">
</Event></UpgradeLog>